student_id,gender,study_hours,attendance_pct,prev_marks,sleep_hours,extracurricular,internet_access,final_marks,pass_fail
S0001,Male,7.1,59.3,66.3,5.6,No,Yes,40.3,1
S0002,Female,5.6,,63.5,5.5,No,No,32.1,0
S0003,Female,3.4,93.6,31.8,9.4,No,Yes,28.9,0
S0004,Female,8.2,86.6,53.9,5.5,No,Yes,43.3,1
S0005,Male,,90.3,56.6,5.6,Yes,Yes,38.1,0
S0006,Male,2.0,82.9,57.9,8.6,Yes,No,31.2,0
S0007,Male,9.2,84.6,70.6,6.7,No,No,41.7,1
S0008,Female,8.3,92.5,67.4,8.7,No,Yes,42.4,1
S0009,Female,9.5,62.5,72.6,4.4,No,Yes,40.7,1
S0010,Female,7.4,74.5,83.5,6.9,No,Yes,38.6,0
S0011,Male,6.3,61.1,86.9,4.2,Yes,Yes,38.0,0
S0012,Female,4.5,99.4,80.3,4.4,No,Yes,32.3,0
S0013,Female,9.4,97.2,96.9,9.4,No,Yes,49.9,1
S0014,Male,8.7,52.0,31.3,4.8,No,Yes,28.7,0
S0015,Male,0.9,85.3,43.7,7.2,No,Yes,23.0,0
S0016,Male,0.8,96.3,30.5,6.5,No,Yes,21.7,0
S0017,Male,4.1,59.0,75.3,6.1,Yes,No,32.1,0
S0018,Female,8.2,78.4,92.9,9.4,No,Yes,49.0,1
S0019,Male,9.9,95.8,47.0,4.1,No,Yes,46.3,1
S0020,Male,1.9,51.7,94.9,8.0,No,No,28.6,0
S0021,Female,6.1,84.9,34.2,9.8,No,Yes,25.6,0
S0022,Male,4.1,64.9,95.4,7.4,Yes,Yes,32.5,0
S0023,Male,9.7,96.2,54.6,9.6,Yes,Yes,41.4,1
S0024,Male,8.5,98.6,37.1,4.3,Yes,Yes,36.1,0
S0025,Male,8.5,97.2,64.0,6.5,No,Yes,39.7,0
S0026,Female,5.0,73.7,48.0,5.6,Yes,Yes,24.0,0
S0027,Male,4.4,93.1,49.9,8.4,Yes,No,30.7,0
S0028,Male,3.1,92.2,51.5,9.9,No,Yes,32.0,0
S0029,Female,1.0,66.0,86.2,5.5,Yes,Yes,33.3,0
S0030,Male,8.7,91.4,67.7,7.9,No,Yes,41.2,1
S0031,Female,8.2,51.9,51.8,,No,Yes,31.5,0
S0032,Male,10.0,79.8,72.7,7.4,No,Yes,40.8,1
S0033,Male,10.0,61.5,80.1,6.8,Yes,No,44.1,1
S0034,Female,5.8,56.0,49.1,9.8,Yes,Yes,25.6,0
S0035,Female,7.8,53.8,58.9,7.7,No,Yes,37.7,0
S0036,Female,9.5,84.8,38.5,6.1,No,Yes,29.1,0
S0037,Male,8.6,67.0,42.7,4.7,No,Yes,32.7,0
S0038,Male,2.8,86.2,77.7,4.9,Yes,No,36.1,0
S0039,Female,4.8,53.3,42.7,5.4,No,Yes,26.8,0
S0040,Male,1.7,65.8,66.8,5.5,No,Yes,40.9,1
S0041,Male,9.6,77.0,79.6,9.1,No,Yes,47.7,1
S0042,Male,6.3,89.5,37.5,7.4,No,No,28.0,0
S0043,Male,2.7,65.9,69.7,7.1,No,Yes,29.5,0
S0044,Female,6.9,,48.0,4.7,No,Yes,25.9,0
S0045,Male,6.4,94.3,97.4,9.2,Yes,No,46.3,1
S0046,Female,3.9,80.8,63.8,8.3,No,No,29.0,0
S0047,Male,1.6,61.6,86.4,4.4,Yes,Yes,35.2,0
S0048,Female,6.9,51.2,68.5,8.2,No,Yes,32.2,0
S0049,Female,5.4,93.5,33.0,7.3,No,Yes,30.6,0
S0050,Male,7.8,51.1,74.3,4.5,Yes,Yes,34.2,0
S0051,Female,5.4,93.7,96.6,6.7,Yes,Yes,53.2,1
S0052,Female,8.6,76.4,72.1,6.9,Yes,Yes,40.7,1
S0053,Female,5.7,,87.3,5.0,No,Yes,52.5,1
S0054,Female,5.8,89.9,91.9,9.7,No,Yes,48.0,1
S0055,Female,8.8,99.9,46.0,9.1,Yes,Yes,43.4,1
S0056,Female,4.3,67.5,44.8,8.0,No,No,29.7,0
S0057,Male,1.8,88.4,72.8,6.8,No,Yes,34.3,0
S0058,Male,0.8,70.1,58.8,6.5,Yes,Yes,15.3,0
S0059,Male,7.7,74.0,88.8,7.9,Yes,Yes,42.6,1
S0060,Male,6.4,81.4,93.0,7.3,No,No,47.9,1
S0061,Male,7.2,93.7,54.7,4.4,No,Yes,38.3,0
S0062,Male,2.5,99.2,46.6,7.1,No,Yes,22.7,0
S0063,Female,1.8,88.4,84.6,8.8,Yes,Yes,34.8,0
S0064,Male,0.6,70.9,49.2,,Yes,Yes,31.2,0
S0065,Male,3.8,71.1,87.6,4.3,No,Yes,42.4,1
S0066,Female,6.1,86.9,59.7,8.7,Yes,Yes,36.8,0
S0067,Male,4.2,61.9,76.7,5.2,Yes,Yes,38.0,0
S0068,Female,4.7,55.5,36.7,5.6,Yes,No,23.0,0
S0069,Male,9.1,67.7,73.7,5.0,No,Yes,33.5,0
S0070,Female,3.8,64.4,61.6,6.0,No,Yes,25.2,0
S0071,Female,5.4,64.8,71.1,8.5,No,No,42.8,1
S0072,Male,7.9,61.7,41.8,7.1,No,Yes,31.2,0
S0073,Male,4.3,52.1,81.6,5.2,Yes,Yes,31.8,0
S0074,Female,6.4,50.9,90.4,9.3,No,Yes,37.2,0
S0075,Female,8.7,99.4,45.2,9.3,Yes,Yes,50.1,1
S0076,Female,9.5,71.4,36.7,9.2,No,No,44.1,1
S0077,Female,1.9,69.2,31.7,5.4,No,No,32.0,0
S0078,Male,9.3,84.0,74.9,6.7,No,Yes,44.5,1
S0079,Male,5.2,60.9,72.5,9.9,Yes,Yes,35.9,0
S0080,Male,3.0,97.5,68.3,8.6,No,No,27.5,0
S0081,Female,4.9,89.3,46.2,4.2,Yes,No,39.5,0
S0082,Female,,54.5,57.4,4.4,No,No,32.0,0
S0083,Male,5.2,70.9,71.6,6.8,No,Yes,36.5,0
S0084,Male,3.6,94.0,64.8,9.5,No,Yes,29.5,0
S0085,Male,6.5,97.2,99.1,7.2,No,No,44.5,1
S0086,Male,2.8,73.4,39.6,7.0,No,Yes,20.7,0
S0087,Female,1.2,80.7,78.7,4.6,Yes,Yes,28.2,0
S0088,Female,1.7,58.4,58.3,7.9,No,Yes,22.1,0
S0089,Female,1.7,99.6,60.0,8.9,Yes,Yes,28.7,0
S0090,Male,1.9,61.6,80.2,6.3,No,Yes,34.2,0
S0091,Male,1.8,97.1,78.5,8.7,No,Yes,29.5,0
S0092,Female,6.6,82.5,99.4,9.8,No,No,46.9,1
S0093,Female,2.2,80.4,39.0,5.2,No,Yes,30.7,0
S0094,Female,3.8,75.6,37.3,7.1,No,No,24.0,0
S0095,Female,9.0,61.5,80.7,5.7,Yes,Yes,38.9,0
S0096,Male,5.0,58.8,70.5,8.8,No,Yes,32.1,0
S0097,Female,6.8,61.0,49.2,7.5,Yes,No,38.0,0
S0098,Male,2.1,59.3,35.6,7.8,No,Yes,21.8,0
S0099,Male,2.3,89.0,36.0,8.8,Yes,Yes,23.2,0
S0100,Male,0.9,67.5,92.6,6.4,Yes,Yes,34.2,0
S0101,Male,2.1,52.9,43.4,9.5,No,Yes,16.2,0
S0102,Female,3.1,,,7.2,Yes,No,35.4,0
S0103,Male,2.2,94.2,45.9,4.9,No,No,30.2,0
S0104,Male,1.3,96.4,54.8,8.2,Yes,Yes,27.5,0
S0105,Female,,99.7,34.9,8.8,Yes,Yes,21.8,0
S0106,Male,4.9,58.7,66.3,5.9,No,Yes,27.5,0
S0107,Male,2.5,69.8,34.7,9.1,Yes,No,25.7,0
S0108,Female,4.0,,86.0,9.4,Yes,Yes,45.3,1
S0109,Male,5.3,84.8,46.4,5.7,No,Yes,29.1,0
S0110,Male,7.1,57.7,67.8,9.9,Yes,Yes,38.6,0
S0111,Male,0.9,90.8,91.6,4.8,No,Yes,24.5,0
S0112,Male,8.1,61.2,75.6,5.2,Yes,Yes,36.8,0
S0113,Female,6.5,61.2,67.3,5.1,Yes,No,35.0,0
S0114,Female,1.3,76.8,52.7,9.4,No,Yes,21.3,0
S0115,Female,8.8,79.6,53.3,7.9,Yes,Yes,34.6,0
S0116,Female,9.2,79.0,76.9,4.9,Yes,No,41.3,1
S0117,Female,1.1,54.6,99.6,6.6,Yes,No,33.2,0
S0118,Male,3.1,93.9,76.3,7.7,Yes,Yes,35.4,0
S0119,Female,8.2,63.3,69.0,4.5,No,Yes,27.6,0
S0120,Female,7.6,56.5,81.1,9.3,Yes,Yes,29.1,0
S0121,Female,,94.4,62.6,8.8,No,Yes,29.2,0
S0122,Female,2.5,97.8,34.2,7.0,No,Yes,29.2,0
S0123,Male,4.0,93.1,69.4,9.8,No,Yes,22.8,0
S0124,Male,5.1,90.5,97.0,6.5,No,Yes,41.0,1
S0125,Male,6.4,82.8,42.3,9.9,Yes,No,30.9,0
S0126,Male,4.0,77.5,78.3,8.0,No,Yes,42.8,1
S0127,Female,4.9,54.3,44.1,7.8,Yes,Yes,24.8,0
S0128,Female,7.6,70.4,,5.0,No,Yes,40.4,1
S0129,Male,0.8,68.6,36.8,9.3,No,No,21.1,0
S0130,Male,2.9,63.0,61.5,6.6,Yes,No,17.4,0
S0131,Male,7.3,86.2,82.9,5.0,No,No,47.5,1
S0132,Male,9.0,74.8,54.3,4.1,No,No,39.9,0
S0133,Male,5.4,54.1,76.5,7.4,Yes,No,36.9,0
S0134,Male,5.6,61.0,85.7,7.2,Yes,Yes,57.3,1
S0135,Female,1.5,84.2,94.9,8.3,No,Yes,25.6,0
S0136,Male,4.8,53.8,46.4,9.3,No,Yes,35.8,0
S0137,Male,5.6,92.6,58.0,4.5,No,No,34.9,0
S0138,Female,2.8,74.8,40.7,8.4,No,No,26.9,0
S0139,Male,3.1,74.0,99.5,5.1,No,Yes,37.7,0
S0140,Female,4.1,,94.9,9.1,No,Yes,37.8,0
S0141,Female,0.7,91.2,67.8,8.9,Yes,Yes,27.2,0
S0142,Male,3.6,67.4,,7.2,Yes,No,37.4,0
S0143,Male,2.5,83.9,66.5,8.3,No,Yes,24.2,0
S0144,Male,3.6,78.3,73.7,5.9,No,Yes,37.9,0
S0145,Male,1.6,63.4,36.2,6.8,Yes,Yes,18.5,0
S0146,Male,9.0,93.9,82.9,8.9,Yes,Yes,42.5,1
S0147,Female,6.1,89.9,38.9,6.8,No,No,30.8,0
S0148,Male,,82.9,87.8,6.1,No,Yes,50.0,1
S0149,Male,8.0,92.5,84.7,,No,No,43.7,1
S0150,Male,5.2,93.4,79.6,9.0,No,Yes,42.5,1
S0151,Female,,85.4,32.5,6.0,Yes,Yes,18.9,0
S0152,Male,5.6,91.9,51.2,5.0,Yes,Yes,38.6,0
S0153,Male,6.1,84.9,,8.3,Yes,No,37.8,0
S0154,Male,7.6,84.0,55.2,9.0,Yes,Yes,47.6,1
S0155,Female,4.6,80.9,36.1,4.6,No,Yes,27.3,0
S0156,Male,1.7,87.6,95.6,5.4,No,Yes,40.1,1
S0157,Female,3.2,57.9,68.8,4.9,No,No,29.7,0
S0158,Female,3.9,94.0,51.4,6.1,No,Yes,38.8,0
S0159,Male,6.6,93.6,57.8,6.7,Yes,No,34.8,0
S0160,Female,5.9,51.5,61.3,8.5,No,Yes,35.5,0
S0161,Male,3.9,91.3,72.0,7.9,No,Yes,35.5,0
S0162,Female,9.9,,66.1,,No,Yes,40.1,1
S0163,Female,6.3,66.8,94.4,6.1,Yes,Yes,41.9,1
S0164,Female,2.8,87.2,64.8,9.0,No,Yes,33.7,0
S0165,Male,1.5,58.0,99.5,6.8,No,Yes,32.3,0
S0166,Female,2.0,90.9,89.6,9.9,Yes,Yes,38.0,0
S0167,Male,2.8,91.6,44.6,7.8,Yes,No,36.7,0
S0168,Male,2.0,75.4,95.1,4.8,No,Yes,40.2,1
S0169,Male,2.3,50.3,38.1,8.1,No,No,24.7,0
S0170,Female,3.2,64.4,87.2,6.0,Yes,Yes,31.9,0
S0171,Female,2.1,80.8,56.6,8.1,No,Yes,24.0,0
S0172,Male,9.0,99.1,91.5,4.4,Yes,Yes,55.0,1
S0173,Male,1.3,81.6,90.8,5.0,No,Yes,38.5,0
S0174,Male,5.5,63.0,86.4,9.1,Yes,Yes,45.5,1
S0175,Female,4.4,81.7,85.3,5.4,No,Yes,35.4,0
S0176,Male,9.8,77.0,51.3,9.0,Yes,Yes,39.2,0
S0177,Female,1.6,89.0,35.7,5.7,Yes,Yes,16.0,0
S0178,Male,4.3,55.3,58.2,7.9,Yes,No,26.9,0
S0179,Female,9.7,88.1,42.1,8.2,Yes,No,44.8,1
S0180,Male,8.7,77.1,78.6,7.1,No,Yes,41.7,1
S0181,Male,8.3,98.1,54.2,5.8,Yes,Yes,44.4,1
S0182,Male,3.0,67.1,98.3,5.3,No,Yes,35.5,0
S0183,Female,2.1,81.6,74.9,4.2,Yes,Yes,33.7,0
S0184,Female,6.9,96.6,87.6,5.8,Yes,Yes,39.8,0
S0185,Male,9.3,55.1,39.3,7.9,Yes,Yes,34.0,0
S0186,Female,5.8,96.9,90.3,9.6,Yes,Yes,29.7,0
S0187,Female,5.9,84.4,94.6,9.2,Yes,Yes,42.8,1
S0188,Female,3.2,53.4,64.1,8.6,No,Yes,19.8,0
S0189,Female,7.8,65.0,72.4,8.7,No,No,45.5,1
S0190,Male,2.3,85.4,83.5,8.0,No,No,39.1,0
S0191,Male,3.6,53.4,42.2,5.6,No,Yes,26.1,0
S0192,Female,4.5,79.1,65.2,9.4,No,No,42.0,1
S0193,Female,5.3,67.3,57.9,8.0,Yes,No,27.6,0
S0194,Female,2.8,81.0,40.2,7.4,No,Yes,35.0,0
S0195,Male,1.6,52.3,55.7,4.7,No,Yes,27.5,0
S0196,Male,6.3,93.6,34.8,6.7,No,Yes,31.9,0
S0197,Female,3.2,98.7,31.8,6.8,No,No,33.4,0
S0198,Female,6.0,98.4,39.5,9.2,Yes,No,28.9,0
S0199,Female,2.0,87.5,97.4,7.3,No,Yes,33.7,0
S0200,Female,5.1,56.5,68.5,6.3,No,Yes,29.4,0
S0201,Female,5.6,,97.6,9.9,No,Yes,41.8,1
S0202,Male,1.0,51.2,60.3,4.7,No,Yes,17.3,0
S0203,Male,3.7,51.1,51.8,,Yes,Yes,31.8,0
S0204,Female,1.8,66.2,65.4,4.3,Yes,No,25.9,0
S0205,Female,1.1,74.4,60.8,8.4,No,Yes,28.5,0
S0206,Male,9.9,88.5,37.4,9.5,No,No,36.6,0
S0207,Male,3.6,84.2,74.9,5.7,Yes,No,26.1,0
S0208,Female,8.2,72.3,45.1,9.2,Yes,No,36.9,0
S0209,Male,2.9,63.7,73.4,5.8,Yes,Yes,21.1,0
S0210,Male,7.0,99.9,75.5,9.5,Yes,Yes,43.7,1
S0211,Female,7.7,71.3,40.6,8.5,No,Yes,26.7,0
S0212,Female,6.2,72.6,34.3,8.8,No,Yes,39.8,0
S0213,Female,5.0,58.2,84.7,4.1,Yes,Yes,40.2,1
S0214,Male,4.4,89.7,62.2,9.8,Yes,Yes,35.7,0
S0215,Female,3.8,84.7,34.1,8.4,Yes,Yes,33.7,0
S0216,Male,9.3,61.0,99.6,5.8,Yes,Yes,42.7,1
S0217,Male,8.4,54.1,34.0,9.0,No,Yes,33.6,0
S0218,Female,9.7,84.0,78.7,5.7,No,Yes,47.7,1
S0219,Female,1.7,82.7,98.9,9.2,No,No,38.4,0
S0220,Female,7.4,63.7,46.7,4.7,Yes,No,39.1,0
S0221,Female,9.4,97.5,40.0,8.2,No,Yes,44.0,1
S0222,Female,2.2,57.6,38.5,7.2,No,Yes,22.7,0
S0223,Male,1.1,71.6,51.2,,No,Yes,15.6,0
S0224,Male,7.5,97.2,37.1,5.5,No,Yes,31.2,0
S0225,Male,6.0,71.0,78.5,4.1,Yes,Yes,37.4,0
S0226,Male,,81.9,34.4,6.8,Yes,No,35.5,0
S0227,Female,1.8,69.9,,5.8,Yes,Yes,22.4,0
S0228,Male,8.1,63.7,99.8,7.6,Yes,Yes,57.5,1
S0229,Female,2.4,99.2,87.0,5.8,Yes,Yes,45.5,1
S0230,Female,2.1,70.5,73.1,5.8,No,Yes,33.2,0
S0231,Female,2.1,94.7,51.4,8.5,No,Yes,29.9,0
S0232,Male,8.2,61.5,73.7,4.3,No,Yes,38.4,0
S0233,Female,6.8,60.7,66.9,9.4,Yes,Yes,31.2,0
S0234,Male,5.5,51.6,59.8,9.1,No,Yes,31.2,0
S0235,Male,3.9,82.6,39.1,8.0,No,Yes,29.5,0
S0236,Female,8.8,68.4,92.1,,No,Yes,39.6,0
S0237,Male,4.2,93.2,61.5,9.4,No,Yes,36.9,0
S0238,Male,8.3,73.7,43.6,5.1,No,No,34.5,0
S0239,Female,4.7,98.4,55.7,4.5,No,Yes,25.6,0
S0240,Male,4.1,59.3,59.0,5.4,Yes,Yes,24.7,0
S0241,Female,4.9,93.4,87.9,8.8,Yes,Yes,39.9,0
S0242,Female,3.4,88.8,81.4,4.2,Yes,Yes,46.2,1
S0243,Female,7.6,88.5,83.9,7.5,Yes,Yes,47.7,1
S0244,Male,5.3,92.2,30.8,10.0,Yes,Yes,23.9,0
S0245,Male,2.7,88.1,59.1,9.1,No,No,33.7,0
S0246,Female,9.0,81.3,63.7,7.1,No,Yes,34.3,0
S0247,Male,4.1,56.6,31.3,4.4,No,Yes,28.1,0
S0248,Female,5.7,51.6,48.2,9.0,Yes,Yes,26.4,0
S0249,Female,9.1,96.0,83.2,7.6,No,No,48.1,1
S0250,Female,,80.8,39.6,4.7,No,Yes,38.7,0
S0251,Male,1.6,89.8,67.5,4.6,Yes,Yes,24.5,0
S0252,Male,9.4,74.1,,9.5,No,Yes,31.0,0
S0253,Female,6.5,55.9,30.8,8.0,Yes,Yes,24.1,0
S0254,Male,3.7,56.3,46.9,9.0,Yes,Yes,30.9,0
S0255,Male,1.8,84.3,98.3,9.3,No,Yes,29.8,0
S0256,Female,8.0,71.5,86.1,7.4,Yes,Yes,29.4,0
S0257,Female,6.4,60.0,97.2,7.1,No,Yes,39.1,0
S0258,Female,5.6,74.6,64.1,6.6,No,Yes,37.9,0
S0259,Female,9.0,53.2,37.7,5.9,No,Yes,38.2,0
S0260,Male,8.0,79.1,68.4,6.6,Yes,No,38.6,0
S0261,Female,1.9,63.4,61.8,8.6,Yes,Yes,24.6,0
S0262,Female,3.5,89.9,89.1,7.6,Yes,Yes,44.9,1
S0263,Male,2.9,65.5,36.9,9.4,No,Yes,14.2,0
S0264,Male,7.6,72.8,64.2,6.7,No,Yes,36.4,0
S0265,Female,0.8,50.6,40.5,7.6,Yes,No,19.2,0
S0266,Female,5.9,,52.7,7.8,No,Yes,32.5,0
S0267,Female,7.7,69.6,81.6,7.6,No,Yes,39.3,0
S0268,Female,8.8,74.0,63.3,8.2,Yes,Yes,40.8,1
S0269,Male,3.7,80.0,56.3,5.4,No,Yes,18.4,0
S0270,Male,8.3,64.6,57.6,7.1,No,Yes,33.7,0
S0271,Female,1.6,84.7,62.2,4.6,Yes,Yes,31.3,0
S0272,Female,8.5,93.0,85.0,6.3,Yes,Yes,42.4,1
S0273,Female,1.7,89.0,92.4,6.9,No,No,36.7,0
S0274,Female,,52.0,96.9,7.9,No,Yes,38.7,0
S0275,Male,8.1,74.0,85.1,,No,No,42.4,1
S0276,Male,1.9,55.2,52.1,7.6,No,No,24.2,0
S0277,Female,2.7,62.1,78.2,8.5,Yes,No,26.5,0
S0278,Female,7.4,99.3,60.6,,Yes,Yes,40.2,1
S0279,Female,7.3,57.1,47.8,7.8,No,Yes,35.2,0
S0280,Female,6.6,,88.9,4.4,Yes,No,42.7,1
S0281,Female,7.1,,32.7,5.5,Yes,Yes,29.0,0
S0282,Male,5.7,85.1,93.1,6.2,No,Yes,44.0,1
S0283,Male,2.9,78.0,62.3,6.8,No,No,34.1,0
S0284,Male,3.8,50.5,74.6,4.3,No,No,20.1,0
S0285,Female,2.2,66.3,76.2,4.8,No,Yes,36.1,0
S0286,Male,9.1,75.9,92.7,5.7,Yes,Yes,45.7,1
S0287,Male,6.0,54.4,74.6,9.8,No,Yes,37.4,0
S0288,Female,4.3,67.5,73.0,6.0,Yes,No,39.6,0
S0289,Male,4.9,51.7,34.7,6.9,No,No,17.4,0
S0290,Female,9.5,53.9,66.3,5.2,No,Yes,35.6,0
S0291,Male,2.0,69.8,40.5,7.7,No,Yes,21.8,0
S0292,Male,6.1,56.6,81.6,5.7,No,No,33.0,0
S0293,Female,5.3,78.4,65.9,5.2,No,Yes,44.1,1
S0294,Male,6.3,84.5,77.6,7.1,Yes,Yes,36.4,0
S0295,Male,0.7,90.0,32.9,4.0,No,No,19.3,0
S0296,Female,,60.0,35.9,4.0,No,Yes,33.4,0
S0297,Female,9.4,58.4,,5.3,Yes,Yes,36.6,0
S0298,Male,5.9,55.2,35.0,4.2,No,Yes,24.4,0
S0299,Female,7.1,,35.0,4.6,No,Yes,34.1,0
S0300,Male,9.3,85.3,30.8,6.0,Yes,No,34.5,0
S0301,Male,7.2,51.6,97.0,8.8,No,Yes,41.1,1
S0302,Female,1.9,96.8,81.6,7.4,No,No,33.1,0
S0303,Female,6.0,52.6,54.7,7.1,No,Yes,23.0,0
S0304,Female,6.3,77.1,50.8,5.8,No,Yes,35.4,0
S0305,Female,4.5,85.5,54.5,9.6,No,Yes,41.9,1
S0306,Female,,93.5,84.2,6.4,No,Yes,45.6,1
S0307,Male,9.4,85.7,76.3,4.5,No,Yes,46.9,1
S0308,Male,9.3,90.1,43.0,7.7,Yes,Yes,43.1,1
S0309,Female,4.8,67.0,,4.7,No,Yes,21.4,0
S0310,Male,1.6,90.7,36.9,6.1,No,Yes,33.3,0
S0311,Male,9.9,54.0,76.2,7.0,Yes,No,43.1,1
S0312,Male,8.5,94.7,83.5,9.2,No,Yes,55.7,1
S0313,Male,1.7,77.4,48.6,7.0,No,No,21.8,0
S0314,Female,9.2,90.9,31.5,8.2,Yes,Yes,46.3,1
S0315,Female,8.8,72.6,35.8,10.0,No,Yes,38.7,0
S0316,Female,5.4,82.2,97.8,4.8,No,Yes,45.6,1
S0317,Male,6.1,76.3,50.7,5.6,No,Yes,34.5,0
S0318,Male,4.3,86.6,83.8,6.4,Yes,Yes,37.5,0
S0319,Male,1.0,54.1,73.7,6.5,Yes,No,32.0,0
S0320,Male,3.7,53.0,56.7,6.5,Yes,No,27.7,0
S0321,Female,8.1,62.4,44.4,9.4,No,Yes,24.0,0
S0322,Female,0.5,58.0,38.5,8.3,Yes,Yes,12.9,0
S0323,Female,,93.6,73.1,7.6,No,No,35.7,0
S0324,Male,4.3,61.0,84.2,5.9,Yes,Yes,36.5,0
S0325,Female,5.6,98.8,75.1,8.9,Yes,No,41.0,1
S0326,Female,9.2,66.8,67.1,9.7,No,No,47.3,1
S0327,Female,3.8,59.1,32.9,8.9,No,No,13.6,0
S0328,Female,3.8,89.5,97.8,4.0,Yes,Yes,41.7,1
S0329,Male,7.5,82.9,85.9,7.8,No,Yes,35.3,0
S0330,Male,4.8,74.9,50.5,4.3,Yes,Yes,34.5,0
S0331,Male,2.6,77.8,98.6,5.5,No,Yes,37.0,0
S0332,Female,4.8,86.0,72.1,,No,No,39.0,0
S0333,Male,1.8,61.4,70.8,7.6,Yes,Yes,23.7,0
S0334,Male,2.2,99.8,82.4,,Yes,Yes,43.3,1
S0335,Male,5.2,98.7,86.8,4.7,Yes,No,47.8,1
S0336,Male,4.5,82.5,76.0,6.3,No,No,39.8,0
S0337,Female,9.2,60.0,39.0,6.7,No,No,33.3,0
S0338,Female,3.9,84.0,53.7,6.2,Yes,No,34.2,0
S0339,Male,6.0,53.6,95.0,4.7,No,Yes,35.4,0
S0340,Male,6.5,51.5,45.7,6.5,Yes,Yes,33.6,0
S0341,Male,0.6,62.9,56.1,8.5,Yes,No,31.4,0
S0342,Male,6.8,73.1,60.2,4.4,No,Yes,41.3,1
S0343,Male,2.2,93.4,60.8,4.5,No,Yes,27.4,0
S0344,Male,9.6,86.4,72.9,6.1,No,Yes,47.5,1
S0345,Male,1.9,87.1,96.0,9.7,No,Yes,31.1,0
S0346,Female,4.4,71.3,46.8,8.0,Yes,No,31.9,0
S0347,Female,1.3,67.3,38.5,8.1,No,Yes,23.5,0
S0348,Male,10.0,68.6,43.8,6.2,Yes,Yes,28.3,0
S0349,Male,5.3,99.4,92.1,7.6,No,Yes,38.5,0
S0350,Female,6.2,52.0,75.2,4.1,Yes,Yes,33.4,0
S0351,Male,1.1,93.4,50.0,7.8,No,Yes,25.7,0
S0352,Female,7.6,78.9,87.1,9.5,Yes,Yes,38.3,0
S0353,Female,2.5,71.9,90.3,7.7,Yes,No,36.8,0
S0354,Male,9.0,86.3,89.3,9.2,No,Yes,49.6,1
S0355,Male,2.4,74.3,94.3,8.3,Yes,Yes,35.0,0
S0356,Female,2.3,93.7,47.7,4.7,No,Yes,24.8,0
S0357,Male,0.8,95.0,82.9,9.4,Yes,Yes,39.2,0
S0358,Female,5.0,71.1,62.2,,Yes,Yes,41.2,1
S0359,Female,5.9,63.8,88.9,7.2,Yes,No,36.9,0
S0360,Female,1.1,79.6,81.0,4.9,Yes,Yes,28.3,0
S0361,Male,7.9,95.6,84.4,4.1,No,No,48.8,1
S0362,Female,4.8,60.5,75.9,6.5,Yes,Yes,32.3,0
S0363,Male,5.5,81.1,42.4,5.8,No,Yes,30.6,0
S0364,Female,4.7,81.6,68.2,6.9,No,Yes,39.2,0
S0365,Female,4.3,86.7,98.9,7.5,No,No,32.5,0
S0366,Male,5.8,56.6,95.6,4.3,No,Yes,45.7,1
S0367,Female,2.0,,33.0,4.7,No,Yes,24.1,0
S0368,Female,2.2,95.5,41.5,7.4,No,Yes,25.6,0
S0369,Male,8.7,59.0,39.2,6.1,Yes,Yes,32.5,0
S0370,Male,9.5,61.9,80.8,8.4,Yes,Yes,43.5,1
S0371,Male,4.0,98.6,87.2,7.9,No,Yes,32.2,0
S0372,Male,3.1,59.0,44.9,9.1,No,Yes,32.1,0
S0373,Male,6.6,92.7,,8.2,No,Yes,40.2,1
S0374,Female,4.4,74.6,88.8,6.6,No,Yes,40.4,1
S0375,Male,0.7,62.4,81.3,8.0,No,No,33.2,0
S0376,Male,2.0,93.5,68.0,5.7,No,No,27.3,0
S0377,Female,7.3,72.3,71.3,5.8,No,No,41.5,1
S0378,Male,6.8,75.7,65.6,8.7,Yes,Yes,36.6,0
S0379,Female,0.8,68.0,50.8,6.7,No,Yes,27.2,0
S0380,Male,2.6,79.6,69.6,8.8,Yes,Yes,21.3,0
S0381,Male,2.7,58.2,78.2,8.9,Yes,Yes,30.3,0
S0382,Female,6.9,69.6,91.1,9.1,No,Yes,39.5,0
S0383,Female,0.7,98.5,,9.5,Yes,Yes,34.8,0
S0384,Female,1.5,62.9,83.3,6.6,Yes,Yes,32.6,0
S0385,Female,8.1,82.8,41.2,5.9,Yes,Yes,32.3,0
S0386,Female,2.2,66.3,62.3,7.5,No,No,24.1,0
S0387,Male,6.7,88.7,30.7,6.2,No,Yes,31.5,0
S0388,Male,2.8,56.5,47.3,7.6,No,Yes,19.6,0
S0389,Female,1.4,98.5,80.9,8.2,No,Yes,39.2,0
S0390,Female,2.8,72.7,99.4,8.1,No,Yes,35.6,0
S0391,Female,7.4,61.8,36.9,6.2,Yes,Yes,16.1,0
S0392,Male,8.6,53.7,58.1,5.0,No,No,33.9,0
S0393,Male,8.4,58.5,86.0,6.6,No,No,37.0,0
S0394,Female,4.3,76.0,44.3,4.9,No,Yes,20.6,0
S0395,Male,6.8,66.9,68.9,9.3,Yes,No,31.1,0
S0396,Female,2.4,91.4,,6.1,No,No,36.1,0
S0397,Female,3.3,71.5,73.1,4.9,No,No,39.0,0
S0398,Male,9.0,62.4,43.2,4.2,Yes,No,36.2,0
S0399,Female,0.6,80.9,54.9,7.9,No,Yes,22.5,0
S0400,Female,1.3,85.3,84.9,7.8,Yes,Yes,36.0,0
S0401,Male,2.5,58.4,68.8,6.0,Yes,Yes,25.9,0
S0402,Female,0.8,58.4,30.4,4.4,No,Yes,13.5,0
S0403,Male,2.2,51.8,83.3,6.5,Yes,No,24.0,0
S0404,Female,6.0,86.8,32.5,5.9,No,Yes,22.2,0
S0405,Male,4.5,83.2,82.2,8.1,No,No,36.5,0
S0406,Female,9.0,73.7,44.2,7.6,Yes,No,37.6,0
S0407,Male,8.3,92.2,97.1,6.2,No,No,48.9,1
S0408,Male,3.7,90.3,55.8,5.3,Yes,No,30.2,0
S0409,Female,3.0,79.3,52.9,9.9,Yes,Yes,24.5,0
S0410,Male,,93.4,40.4,6.7,Yes,Yes,33.4,0
S0411,Male,6.1,60.3,51.4,8.1,Yes,Yes,24.7,0
S0412,Female,3.0,55.6,91.4,4.8,Yes,Yes,37.1,0
S0413,Female,6.4,63.5,99.7,6.9,No,Yes,37.3,0
S0414,Female,4.4,52.9,55.8,4.2,No,Yes,24.0,0
S0415,Female,5.7,76.6,61.4,,Yes,No,27.7,0
S0416,Male,4.6,96.8,80.5,9.8,No,Yes,37.9,0
S0417,Male,3.3,52.0,92.0,6.3,No,Yes,38.4,0
S0418,Male,9.5,56.1,71.5,4.2,No,Yes,43.1,1
S0419,Female,7.8,,57.4,4.2,No,Yes,41.9,1
S0420,Female,1.8,96.7,58.9,6.3,Yes,Yes,33.3,0
S0421,Female,8.8,65.8,78.7,5.0,Yes,No,36.8,0
S0422,Female,5.1,75.4,30.2,4.1,No,Yes,25.3,0
S0423,Male,9.0,52.1,73.4,8.5,No,No,35.9,0
S0424,Male,8.1,57.4,54.9,6.8,Yes,Yes,41.6,1
S0425,Male,4.5,99.3,85.6,5.7,Yes,No,35.3,0
S0426,Female,0.7,98.3,36.5,9.4,No,Yes,29.0,0
S0427,Male,3.1,50.2,71.2,,No,Yes,32.8,0
S0428,Female,5.6,97.6,63.7,9.7,No,Yes,47.9,1
S0429,Male,6.5,82.0,75.0,5.9,No,No,38.0,0
S0430,Male,,93.4,34.5,9.3,Yes,Yes,30.8,0
S0431,Male,1.8,72.7,70.6,7.6,No,Yes,41.0,1
S0432,Female,8.4,75.8,69.3,9.0,No,No,38.4,0
S0433,Female,9.9,74.4,69.2,9.9,Yes,No,36.3,0
S0434,Male,5.5,83.3,72.2,,No,Yes,28.5,0
S0435,Male,2.1,57.0,77.4,9.8,No,No,33.0,0
S0436,Female,3.1,51.5,86.3,6.3,Yes,Yes,22.5,0
S0437,Male,0.7,65.4,48.9,6.3,No,Yes,20.1,0
S0438,Female,9.2,85.2,87.8,6.0,No,Yes,50.1,1
S0439,Female,1.6,60.1,64.9,7.2,No,No,27.1,0
S0440,Male,6.0,83.7,35.4,4.9,Yes,No,33.1,0
S0441,Male,3.1,98.5,34.1,7.3,Yes,Yes,29.2,0
S0442,Female,5.8,54.7,53.4,7.3,No,Yes,36.7,0
S0443,Male,6.7,83.6,84.9,8.6,Yes,Yes,38.2,0
S0444,Male,8.4,72.2,79.5,9.0,No,No,39.7,0
S0445,Female,2.5,93.4,85.2,6.6,No,No,33.1,0
S0446,Female,0.6,58.9,66.2,5.8,Yes,Yes,28.5,0
S0447,Female,1.8,84.6,60.8,5.6,No,No,33.7,0
S0448,Female,9.1,91.9,40.3,5.2,No,No,40.9,1
S0449,Male,8.8,97.2,53.0,4.3,Yes,Yes,47.5,1
S0450,Male,6.2,84.2,60.4,6.1,No,Yes,30.9,0
S0451,Female,6.2,74.9,36.2,5.6,No,Yes,38.6,0
S0452,Female,,80.9,45.4,9.8,No,Yes,42.2,1
S0453,Male,2.2,,71.9,7.3,No,Yes,37.4,0
S0454,Female,9.2,78.5,81.5,6.1,No,Yes,54.5,1
S0455,Male,4.5,51.5,99.9,7.5,No,No,29.0,0
S0456,Male,4.1,96.5,,4.8,No,Yes,39.5,0
S0457,Male,5.4,84.5,75.0,6.7,No,Yes,34.9,0
S0458,Male,0.9,83.8,59.5,7.8,No,Yes,31.0,0
S0459,Male,2.1,60.8,74.5,6.9,Yes,Yes,23.9,0
S0460,Male,7.5,82.9,85.0,6.4,No,Yes,47.8,1
S0461,Male,1.3,69.7,38.3,10.0,Yes,Yes,28.6,0
S0462,Female,6.2,82.6,58.7,9.3,Yes,Yes,40.0,1
S0463,Female,2.8,55.3,88.8,7.7,Yes,Yes,34.0,0
S0464,Female,4.2,82.9,56.9,7.4,No,Yes,27.5,0
S0465,Female,3.2,100.0,70.0,7.7,No,Yes,31.8,0
S0466,Male,3.9,52.4,,5.2,No,No,36.4,0
S0467,Male,7.3,98.9,42.9,6.4,No,Yes,41.2,1
S0468,Female,3.3,70.3,55.4,4.2,No,Yes,28.2,0
S0469,Male,5.9,93.5,53.4,6.9,No,No,34.2,0
S0470,Female,5.0,89.1,31.8,7.3,No,Yes,19.4,0
S0471,Male,6.8,78.4,31.7,5.4,Yes,Yes,25.5,0
S0472,Female,9.4,86.9,88.2,9.8,Yes,No,58.5,1
S0473,Male,7.5,93.9,49.1,9.5,No,Yes,32.1,0
S0474,Female,2.5,70.2,66.3,8.3,No,Yes,30.6,0
S0475,Female,0.8,66.4,50.9,7.2,Yes,No,27.8,0
S0476,Female,3.0,83.4,95.8,9.2,Yes,No,32.5,0
S0477,Male,6.2,90.4,48.2,4.8,No,No,35.9,0
S0478,Female,1.0,88.1,60.1,8.7,Yes,Yes,33.1,0
S0479,Female,5.2,89.9,91.1,4.7,No,Yes,42.2,1
S0480,Female,6.2,71.8,88.9,8.8,No,Yes,55.5,1
S0481,Female,3.7,90.9,43.0,5.7,No,Yes,21.4,0
S0482,Female,7.8,56.0,86.2,9.3,Yes,Yes,46.4,1
S0483,Male,1.5,77.2,62.1,9.7,No,Yes,27.4,0
S0484,Female,1.2,50.3,63.8,4.9,No,No,27.4,0
S0485,Female,7.4,66.2,39.3,6.8,No,Yes,34.0,0
S0486,Female,5.2,68.3,35.6,9.9,No,Yes,24.1,0
S0487,Male,7.0,69.8,,6.9,Yes,Yes,41.6,1
S0488,Male,4.6,84.8,,9.2,No,Yes,26.0,0
S0489,Female,2.8,69.4,60.6,7.5,No,Yes,31.8,0
S0490,Female,8.3,72.4,81.1,6.3,No,Yes,44.5,1
S0491,Male,8.1,61.9,83.6,5.7,Yes,Yes,44.8,1
S0492,Female,7.1,68.7,41.1,5.2,No,Yes,37.2,0
S0493,Male,3.1,61.4,72.7,8.6,No,No,32.6,0
S0494,Male,6.1,53.7,39.5,6.3,Yes,No,28.4,0
S0495,Male,3.9,80.2,82.6,7.1,Yes,Yes,32.5,0
S0496,Male,1.4,83.4,76.0,7.0,No,Yes,28.1,0
S0497,Female,9.2,81.0,97.0,7.5,Yes,No,55.3,1
S0498,Male,1.8,73.2,34.8,9.2,Yes,No,29.5,0
S0499,Female,9.5,69.0,34.0,9.9,Yes,Yes,33.9,0
S0500,Female,4.7,93.2,49.8,6.4,No,No,33.5,0
